{"statusCode":200,"body":"var tumblr_api_read = {\"tumblelog\":{\"title\":\"Untitled\",\"description\":\"\",\"name\":\"ayush-hue-web\",\"timezone\":\"US\\/Eastern\",\"cname\":false,\"feeds\":[]},\"posts-start\":0,\"posts-total\":1,\"posts-type\":false,\"posts\":[{\"id\":\"652771810256060417\",\"url\":\"https:\\/\\/ayush-hue-web.tumblr.com\\/post\\/652771810256060417\",\"url-with-slug\":\"https:\\/\\/ayush-hue-web.tumblr.com\\/post\\/652771810256060417\",\"type\":\"regular\",\"date-gmt\":\"2021-06-01 07:15:09 GMT\",\"date\":\"Tue, 01 Jun 2021 03:15:09\",\"bookmarklet\":0,\"mobile\":0,\"feed-item\":\"\",\"from-feed-id\":0,\"unix-timestamp\":1622531709,\"format\":\"html\",\"reblog-key\":\"taldQ6Mg\",\"slug\":\"\",\"is-submission\":false,\"like-button\":\"<div class=\\\"like_button\\\" data-post-id=\\\"652771810256060417\\\" data-blog-name=\\\"ayush-hue-web\\\" id=\\\"like_button_652771810256060417\\\"><iframe id=\\\"like_iframe_652771810256060417\\\" src=\\\"https:\\/\\/assets.tumblr.com\\/assets\\/html\\/like_iframe.html?_v=66c22ab5319d742bca5762b8d18f9d06#name=ayush-hue-web&amp;post_id=652771810256060417&amp;color=black&amp;rk=taldQ6Mg\\\" scrolling=\\\"no\\\" width=\\\"20\\\" height=\\\"20\\\" frameborder=\\\"0\\\" class=\\\"like_toggle\\\" allowTransparency=\\\"true\\\" name=\\\"like_iframe_652771810256060417\\\"><\\/iframe><\\/div>\",\"reblog-button\":\"<a href=\\\"https:\\/\\/www.tumblr.com\\/reblog\\/ayush-hue-web\\/652771810256060417\\/taldQ6Mg\\\" class=\\\"reblog_button\\\"style=\\\"display: block;width:20px;height:20px;\\\"><svg width=\\\"100%\\\" height=\\\"100%\\\" viewBox=\\\"0 0 21 21\\\" xmlns=\\\"http:\\/\\/www.w3.org\\/2000\\/svg\\\" xmlns:xlink=\\\"http:\\/\\/www.w3.org\\/1999\\/xlink\\\" fill=\\\"#000\\\"><path d=\\\"M5.01092527,5.99908429 L16.0088498,5.99908429 L16.136,9.508 L20.836,4.752 L16.136,0.083 L16.1360004,3.01110845 L2.09985349,3.01110845 C1.50585349,3.01110845 0.979248041,3.44726568 0.979248041,4.45007306 L0.979248041,10.9999998 L3.98376463,8.30993634 L3.98376463,6.89801007 C3.98376463,6.20867902 4.71892527,5.99908429 5.01092527,5.99908429 Z\\\"><\\/path><path d=\\\"M17.1420002,13.2800293 C17.1420002,13.5720293 17.022957,14.0490723 16.730957,14.0490723 L4.92919922,14.0490723 L4.92919922,11 L0.5,15.806 L4.92919922,20.5103758 L5.00469971,16.9990234 L18.9700928,16.9990234 C19.5640928,16.9990234 19.9453125,16.4010001 19.9453125,15.8060001 L19.9453125,9.5324707 L17.142,12.203\\\"><\\/path><\\/svg><\\/a>\",\"note-count\":\"0\",\"tumblelog\":{\"title\":\"Untitled\",\"name\":\"ayush-hue-web\",\"cname\":false,\"url\":\"https:\\/\\/ayush-hue-web.tumblr.com\\/\",\"timezone\":\"US\\/Eastern\",\"avatar_url_512\":\"https:\\/\\/assets.tumblr.com\\/images\\/default_avatar\\/pyramid_open_512.png\",\"avatar_url_128\":\"https:\\/\\/assets.tumblr.com\\/images\\/default_avatar\\/pyramid_open_128.png\",\"avatar_url_96\":\"https:\\/\\/assets.tumblr.com\\/images\\/default_avatar\\/pyramid_open_96.png\",\"avatar_url_64\":\"https:\\/\\/assets.tumblr.com\\/images\\/default_avatar\\/pyramid_open_64.png\",\"avatar_url_48\":\"https:\\/\\/assets.tumblr.com\\/images\\/default_avatar\\/pyramid_open_48.png\",\"avatar_url_40\":\"https:\\/\\/assets.tumblr.com\\/images\\/default_avatar\\/pyramid_open_40.png\",\"avatar_url_30\":\"https:\\/\\/assets.tumblr.com\\/images\\/default_avatar\\/pyramid_open_30.png\",\"avatar_url_24\":\"https:\\/\\/assets.tumblr.com\\/images\\/default_avatar\\/pyramid_open_24.png\",\"avatar_url_16\":\"https:\\/\\/assets.tumblr.com\\/images\\/default_avatar\\/pyramid_open_16.png\"},\"regular-title\":\"\",\"regular-body\":\"<figure class=\\\"tmblr-full\\\" data-orig-height=\\\"900\\\" data-orig-width=\\\"1200\\\"><img src=\\\"https:\\/\\/64.media.tumblr.com\\/376e4f444c7dd07177feb92cff48e91a\\/6f0ced6b36827f7c-0a\\/s640x960\\/9f1da3ff53aca953310b39d56f6abdb0e55b6024.jpg\\\" data-orig-height=\\\"900\\\" data-orig-width=\\\"1200\\\"\\/><\\/figure>\"}]};\n","headers":{"server":"openresty","date":"Tue, 01 Jun 2021 09:57:00 GMT","content-type":"text/javascript;charset=UTF-8","content-length":"3544","connection":"close","x-rid":"90cc2825fc1f21f6de6bc31b0ca7fba6","p3p":"CP=\"Tumblr's privacy policy is available here: https://www.tumblr.com/policy/en/privacy\"","x-frame-options":"deny","x-xss-protection":"1; mode=block","x-content-type-options":"nosniff","strict-transport-security":"max-age=15552001","last-modified":"Tue, 01 Jun 2021 07:36:12 GMT","x-robots-tag":"noindex","cache-control":"max-age=900","x-ua-compatible":"IE=Edge,chrome=1","x-ua-device":"desktop","vary":"X-UA-Device, Accept","accept-ranges":"bytes"},"request":{"uri":{"protocol":"https:","slashes":true,"auth":null,"host":"ayush-hue-web.tumblr.com","port":443,"hostname":"ayush-hue-web.tumblr.com","hash":null,"search":null,"query":null,"pathname":"/api/read/json","path":"/api/read/json","href":"https://ayush-hue-web.tumblr.com/api/read/json"},"method":"GET","headers":{}}}